{
  "version": "0.1",
  "generated_at": "2025-11-19T15:26:20.896265Z",
  "seed": 42,
  "models": {
    "LogisticRegression": {
      "accuracy": 1.0,
      "precision": 1.0,
      "recall": 1.0,
      "f1": 1.0,
      "roc_auc": 1.0,
      "pr_auc": 1.0,
      "brier_score": 0.0018017005722782615,
      "n_train": 388,
      "n_test": 130,
      "train_time_seconds": 0.0722501277923584,
      "model_path": "src/analysis_outputs/models/LogisticRegression.pkl"
    },
    "RandomForest": {
      "accuracy": 1.0,
      "precision": 1.0,
      "recall": 1.0,
      "f1": 1.0,
      "roc_auc": 1.0,
      "pr_auc": 1.0,
      "brier_score": 1.7307692307692338e-06,
      "n_train": 388,
      "n_test": 130,
      "train_time_seconds": 0.27628588676452637,
      "model_path": "src/analysis_outputs/models/RandomForest.pkl"
    },
    "GradientBoosting": {
      "accuracy": 1.0,
      "precision": 1.0,
      "recall": 1.0,
      "f1": 1.0,
      "roc_auc": 1.0,
      "pr_auc": 1.0,
      "brier_score": 2.1628237590853917e-16,
      "n_train": 388,
      "n_test": 130,
      "train_time_seconds": 0.13103914260864258,
      "model_path": "src/analysis_outputs/models/GradientBoosting.pkl"
    }
  },
  "calibration": {
    "bins": [
      [
        0.0,
        0.1
      ],
      [
        0.1,
        0.2
      ],
      [
        0.2,
        0.30000000000000004
      ],
      [
        0.30000000000000004,
        0.4
      ],
      [
        0.4,
        0.5
      ],
      [
        0.5,
        0.6000000000000001
      ],
      [
        0.6000000000000001,
        0.7000000000000001
      ],
      [
        0.7000000000000001,
        0.8
      ],
      [
        0.8,
        0.9
      ],
      [
        0.9,
        1.0
      ]
    ],
    "predicted": [
      0.020452043698393575,
      0.0,
      0.0,
      0.0,
      0.0,
      0.0,
      0.0,
      0.0,
      0.0,
      0.9077957520188247
    ],
    "observed": [
      0.0,
      0.0,
      0.0,
      0.0,
      0.0,
      0.0,
      0.0,
      0.0,
      0.0,
      1.0
    ]
  }
}